article_id	published_at	url	status	detail	collection	timestamp	replay_url	global_count	now_count	submission_attempted
		https://publico.pt	missing	submission_failed				0	0	yes
		https://www.publico.pt	missing	submission_failed				0	0	yes
36d3f424f039a289a1b54fb0228f74695e443525	2011-04-05T12:11:00Z	https://www.publico.pt/2011/04/05/ciencia/noticia/britanico-que-luta-contra-desperdicio-de-comida-vence-premio-de-sustentabilidade-1488363	missing	submission_failed				0	0	yes
cc7b26b68fa3b9f73b7a1257db0bc09020969a2f	2012-06-04T08:53:00Z	https://www.publico.pt/2012/06/04/sociedade/noticia/a-maior-lixeira-brasileira-a-ceu-aberto-foi-finalmente-encerrada-1548843	missing	submission_failed				0	0	yes
e06eb0d625f4b6471a28897568dc123986ce1405	2013-01-10T19:43:22Z	https://www.publico.pt/2013/01/10/ecosfera/noticia/metade-da-comida-produzida-todos-os-anos-vai-para-o-lixo-1580254	missing	submission_failed				0	0	yes
		https://www.publico.pt/2013/06/07/ecosfera/noticia/estamos-dispostos-a-comer-fruta-feia-para-reduzir-o-desperdicio-1596760	missing	submission_failed				0	0	yes
42a91ce6a7a5728f944c8c73f5c149a9c6c8385e	2013-06-07T12:47:03Z	https://www.publico.pt/2013/06/07/mundo/noticia/papa-diz-que-comida-deitada-ao-lixo-e-alimento-roubado-aos-pobres-1596748	missing	submission_failed				0	0	yes
		https://www.publico.pt/2013/10/11/economia/noticia/ja-ha-supermercados-na-europa-a-vender-fruta-e-legumes-feios-1608785	missing	submission_failed				0	0	yes
38a66b203fa73dc1b04afa1346d9de515a883a4c	2014-04-14T10:31:48Z	https://www.publico.pt/2014/04/14/p3/fotogaleria/a-arte-de-rua-esta-do-lado-de-escif-384163	missing	submission_failed				0	0	yes
		https://www.publico.pt/2014/05/23/p3/noticia/quando-uma-cenoura-feia-e-uma-sopa-feliz-1820227	missing	submission_failed				0	0	yes
		https://www.publico.pt/2014/10/11/economia/noticia/cooperativa-ja-impediu-desperdicio-de-mais-de-50-toneladas-de-fruta-feia-1672596	missing	submission_failed				0	0	yes
		https://www.publico.pt/2014/10/27/economia/entrevista/quando-deitamos-comida-fora-isso-faz-subir-os-precos-1674211	missing	submission_failed				0	0	yes
		https://www.publico.pt/2014/12/07/sociedade/noticia/desperdicio-de-comida-no-campo-e-na-fabrica-da-para-encher-todos-os-caixotes-do-lixo-do-pais-1678521	missing	submission_failed				0	0	yes
e7a42ad6653f0d11a1805d5efa529932a0b5bd84	2014-12-14T02:43:00Z	https://www.publico.pt/2014/12/14/sociedade/noticia/ha-comida-que-so-nao-vai-para-o-lixo-porque-e-doada-1679069	missing	submission_failed				0	0	yes
f82f50a219e8dd22ccdf17623bd98fd5ea847249	2014-12-21T00:32:00Z	https://www.publico.pt/2014/12/21/sociedade/noticia/o-que-ha-no-fundo-do-nosso-frigorifico-1679718	missing	submission_failed				0	0	yes
		https://www.publico.pt/2015/12/19/local/noticia/fruta-feia-expandese-para-o-porto-depois-de-evitar-200-toneladas-de-desperdicio-1717922	missing	submission_failed				0	0	yes
3e396664e4f01b133c219e8fad39cf31c3471aac	2016-01-18T08:50:44Z	https://www.publico.pt/2016/01/18/p3/cronica/o-amor-e-mais-forte-que-o-tempo-1825128	missing	submission_failed				0	0	yes
		https://www.publico.pt/2016/11/24/p3/noticia/fruta-feia-vai-salvar-15-toneladas-de-frutas-e-legumes-em-matosinhos-1826983	missing	submission_failed				0	0	yes
d72ad9c41e2375da97c2b757bbbe9f5035f5e99c	2016-11-28T12:26:51Z	https://www.publico.pt/2016/11/28/p3/noticia/compostagem-em-apenas-24-horas-sim-e-possivel-1826995	missing	submission_failed				0	0	yes
59194e1f55540b3bef5bb0f05c38a9dbd9a60cc6	2017-05-26T06:30:00Z	https://www.publico.pt/2017/05/26/sociedade/entrevista/num-mundo-de-abundancia-infinita-nao-teria-importancia-rejeitar-cenouras-tortas-1773472	missing	submission_failed				0	0	yes
		https://www.publico.pt/2017/11/08/sociedade/noticia/combate-ao-desperdicio-alimentar-tera-plataforma-e-regime-de-doacao-mais-simples-1791876	missing	submission_failed				0	0	yes
afa47cfdf8baea78c5625793f089f9a669b88eb6	2018-02-02T06:30:47Z	https://www.publico.pt/2018/02/02/p3/noticia/boicote-as-palhinhas-projectos-e-ideias-para-ver-e-copiar-1831572	missing	submission_failed				0	0	yes
1fad2dae9d557aca75a95be6ec1253937ea6fbd7	2018-04-13T00:49:44Z	https://www.publico.pt/2018/04/13/fotogaleria/os-vencedores-do-world-press-photo-2018-381833	missing	submission_failed				0	0	yes
a4f2242b4127bba2ba23795de8aa151e456672c7	2018-06-15T16:54:15Z	https://www.publico.pt/2018/06/15/ecosfera/noticia/mcdonalds-vai-deixar-de-usar-palhinhas-de-plastico-no-reino-unido-1834516	missing	submission_failed				0	0	yes
ed2ef99a6dcbebd6e5cf5afd9579693a3e0028ce	2018-07-09T21:05:57Z	https://www.publico.pt/2018/07/09/ecosfera/noticia/starbucks-anuncia-fim-das-palhinhas-de-plastico-ate-2020-1837436	missing	submission_failed				0	0	yes
8a3bca4cf5d26c4d1a86997cba8180f508b9ba55	2018-08-12T19:39:16Z	https://www.publico.pt/2018/08/12/mundo/noticia/franca-plastico-reciclado-1840873	missing	submission_failed				0	0	yes
d6ee6cf79d728ff9e627c71a4655229d313c6962	2018-11-02T09:59:29Z	https://www.publico.pt/2018/11/02/p3/noticia/lista-compras-livre-plastico-1849634	missing	submission_failed				0	0	yes
9f8e9ccb90c96b47b50a76a766c82d511021aff0	2018-11-14T07:15:00Z	https://www.publico.pt/2018/11/14/sociedade/noticia/faltam-dados-consenso-desperdicio-alimentar-preciso-comecar-actuar-ja-1850696	missing	submission_failed				0	0	yes
9822a514795857caf78465952d2b13020e035b28	2018-11-16T06:01:00Z	https://www.publico.pt/2018/11/16/sociedade/noticia/galinha-vai-ministerio-lembrar-podemos-reciclar-lixo-organico-1851247	missing	submission_failed				0	0	yes
8c7174afb7d68fe79386d1f77489e330344ff183	2018-12-11T16:12:30Z	https://www.publico.pt/2018/12/11/p3/video/wasted-waste-um-documentario-sobre-o-desperdicio-que-e-o-lixo-20181210-105257	missing	submission_failed				0	0	yes
d2f743b35e08ccfc0d05ef87ceebc86f3f559b4e	2018-12-22T05:30:00Z	https://www.publico.pt/2018/12/22/fugas/noticia/brasil-dizse-sim-mandioca-1855017	missing	submission_failed				0	0	yes
0a1713688c3b974cc02e5be71e2cb66a9d383746	2019-02-03T09:08:00Z	https://www.publico.pt/2019/02/03/p3/noticia/plastico-nunca-mais-agora-ha-palhinhas-de-massa-e-sao-portuguesas-1860304	missing	submission_failed				0	0	yes
c5b42a416cabd176c7b70e8226d97474d212b81a	2019-02-04T11:52:05Z	https://www.publico.pt/2019/02/04/p3/noticia/saber-ler-a-data-de-validade-ajuda-a-combater-o-desperdicio-alimentar-1860587	missing	submission_failed				0	0	yes
f0e99a0ae701489f72ab48d0db09f6eacd708c5e	2019-02-06T11:42:29Z	https://www.publico.pt/2019/02/06/p3/noticia/repetir-comida-1860832	missing	submission_failed				0	0	yes
66ec8d62375322b606e606a1a321cd812f375387	2019-02-20T18:32:04Z	https://www.publico.pt/2019/02/20/p3/noticia/startup-porto-ajuda-restaurantes-combaterem-desperdicio-alimentar-1862755	missing	submission_failed				0	0	yes
d1131a8aa5579f5201bfd06b47e4b7538a9f49e5	2019-03-22T07:01:00Z	https://www.publico.pt/2019/03/22/sociedade/opiniao/atualidade-futuro-estrategia-alimentar-nacional-1866341	missing	submission_failed				0	0	yes
bec1d28fc838c4d93d9fa55c186fc4b9f50433a0	2019-04-10T06:27:00Z	https://www.publico.pt/2019/04/10/p3/noticia/anna-resgata-comida-lixo-combater-desperdicio-1868420	missing	submission_failed				0	0	yes
4e194e25cc4c480b8188619952aef34c4486874d	2019-04-30T12:37:51Z	https://www.publico.pt/2019/04/30/p3/noticia/separar-o-lixo-nao-chega-claire-mostra-como-vive-numa-casa-quase-sem-desperdicio-1870964	missing	submission_failed				0	0	yes
c48a691df4727ee80c90d01f7691705e87a989b2	2019-05-05T08:12:00Z	https://www.publico.pt/2019/05/05/p3/video/ana-milhazes-sete-dicas-para-viver-sem-desperdicio-20190504-181303	missing	submission_failed				0	0	yes
5d172072bfd4e79c0a57ed3eba53f33de8209407	2019-06-10T08:04:00Z	https://www.publico.pt/2019/06/10/p3/noticia/mesa-ambiente-dias-alimentacao-sustentavel-estao-volta-lisboa-1875569	missing	submission_failed				0	0	yes
12156456756faae355d010878bfb7b02467dade2	2019-07-26T17:55:20Z	https://www.publico.pt/2019/07/26/impar/noticia/poupar-agua-cozinha-chef-chakall-dicas-1881399	missing	submission_failed				0	0	yes
a66e77e118c71220e4ea76b223aa4c4dc507c02d	2019-08-03T06:44:00Z	https://www.publico.pt/2019/08/03/p3/noticia/emprego-vitor-sara-verde-cores-alimentos-biologicos-1877643	missing	submission_failed				0	0	yes
415d76fb501b04938a64b92dcb01fac5f12f2dda	2019-08-13T08:15:00Z	https://www.publico.pt/2019/08/13/p3/noticia/familia-construiu-microcasa-quase-100-sustentavel-pastos-acorianos-1883173	missing	submission_failed				0	0	yes
6b826a4b355382c0e51ad93e8fd93b8acc268d92	2019-08-19T16:50:05Z	https://www.publico.pt/2019/08/19/sociedade/opiniao/trinta-anos-engenharia-alimentar-portugal-desafiante-futuro-sustentavel-1883756	missing	submission_failed				0	0	yes
1da87ee62146642097f6cbbc2cc095aacd8836cd	2019-09-02T11:14:56Z	https://www.publico.pt/2019/09/02/p3/noticia/um-restaurante-um-frigorifico-e-dois-portugueses-na-finlandia-contra-o-desperdicio-alimentar-1885189	missing	submission_failed				0	0	yes
127d7191acdc39f254e7861e5cfe440883e0c7ee	2019-09-19T17:13:23Z	https://www.publico.pt/2019/09/19/p3/noticia/desperdicio-mobilidade-reciclagem-o-que-fazem-as-universidades-para-serem-mais-verdes-1887134	missing	submission_failed				0	0	yes
29519298d3db229f6c7d6ebbc20b8a3c80f39bde	2019-09-20T16:16:00Z	https://www.publico.pt/2019/09/20/fugas/noticia/kind-kitchen-cozinha-vegana-nao-ha-rei-prato-1887015	missing	submission_failed				0	0	yes
c52b58924545a7d9d1edf395e9fc147dc89ee7c8	2019-10-08T19:19:48Z	https://www.publico.pt/2019/10/08/local/noticia/bipzip-tao-importante-derrubar-muros-bairros-lisboetas-1889326	missing	submission_failed				0	0	yes
e91415d7130fc79b96a7d9252ca0eed58c33e77f	2019-10-30T17:32:36Z	https://www.publico.pt/2019/10/30/local/noticia/shopping-brasilia-porto-vai-renovado-ate-2021-convida-lojistas-lumiere-1891953	missing	submission_failed				0	0	yes
dbfcf3bea060dc89b4993dee1931a0f93d4e137a	2019-11-27T18:55:24Z	https://www.publico.pt/2019/11/27/p3/noticia/phenix-esta-aplicacao-quer-evitar-desperdicio-da-comida-as-flores-1895340	missing	submission_failed				0	0	yes
5d88419abd448d0f6bed8685b5ca2cca7de548d9	2019-11-29T06:32:36Z	https://www.publico.pt/2019/11/29/infografia/pegada-roupa-391	missing	submission_failed				0	0	yes
24ee1bdaa3abb886619c1015f0991e723271f7a9	2020-01-21T17:59:25Z	https://www.publico.pt/2020/01/21/economia/noticia/fruta-feia-evita-duas-mil-toneladas-desperdicio-alimentar-paga-milhao-euros-agricultores-1901179	missing	submission_failed				0	0	yes
c1bd48c483d731bed40d6035f78ec4e582bf407c	2020-01-23T12:51:00Z	https://www.publico.pt/2020/01/23/impar/opiniao/menos-nutrientes-alimentos-troca-justa-sustentavel-1901237	missing	submission_failed				0	0	yes
08ebabfd05d76111c7f4f60b1e941ee0040a3d95	2020-02-04T08:05:00Z	https://www.publico.pt/2020/02/04/p3/noticia/empresas-associacoes-governo-assinam-pacto-acabar-plasticos-uso-unico-portugal-1902724	missing	submission_failed				0	0	yes
bc7d1cdab95cdad069d3dc4baf60fae2bb40f0b0	2020-02-04T17:49:57Z	https://www.publico.pt/2020/02/04/p3/noticia/too-good-to-go-app-quer-evitar-desperdicio-comida-chegou-porto-1902843	missing	submission_failed				0	0	yes
43d2511c800b68b18c64dc01729fc8fd5e12e1a3	2020-02-04T12:28:31Z	https://www.publico.pt/2020/02/04/sociedade/noticia/reciclagem-plastico-numeros-zero-nao-reflectem-esforco-ministerio-1902790	missing	submission_failed				0	0	yes
04aabef76fb687c3c65d9b7fad4f33103b2453e2	2020-02-07T23:55:00Z	https://www.publico.pt/2020/02/07/fugas/noticia/viver-diferente-menos-desperdicio-1902963	missing	submission_failed				0	0	yes
4a4b016fd2a530f86d0fa2d552c455cf31b6f8e8	2020-04-01T04:15:00Z	https://www.publico.pt/2020/04/01/opiniao/noticia/ecossocialismo-ideia-cujo-tempo-chegou-1910429	missing	submission_failed				0	0	yes
df70e6a4efdd7c112b3783192c209033d312c078	2020-05-14T13:07:06Z	https://www.publico.pt/2020/05/14/estudiop/noticia/42-mil-toneladas-plastico-nao-sao-so-numero-1916460	missing	submission_failed				0	0	yes
29413a12c923c513269aac1cdc1cd02c9ec1dc27	2020-06-23T16:35:06Z	https://www.publico.pt/2020/06/23/sociedade/noticia/vale-banana-estudo-mostra-retalho-reduzir-desperdicio-alimentar-terco-1921609	missing	submission_failed				0	0	yes
e232eeef2e31ed35b420d3e646e91a25581bf990	2020-08-05T21:00:48Z	https://www.publico.pt/2020/08/05/p3/noticia/video-posnos-falar-desperdicio-alimentar-problema-nao-novo-ha-combata-1927217	missing	submission_failed				0	0	yes
a71711812af34d39ec006bfdf02100b2c24cbfc4	2020-08-07T16:43:17Z	https://www.publico.pt/2020/08/07/p3/noticia/embalagens-biodegradaveis-mao-portuguesa-distinguidas-comissao-europeia-1927451	missing	submission_failed				0	0	yes
cb232263088694abb8b5f8fe5d46f26b1e7da01b	2020-09-29T11:46:30Z	https://www.publico.pt/2020/09/29/sociedade/noticia/unidos-desperdicio-junta-lutam-comida-nao-acabe-lixo-1933288	missing	submission_failed				0	0	yes
		https://www.publico.pt/2020/10/22/p3/noticia/fruta-feia-distinguida-premio-europeu-life-prova-funciona-1936266	missing	submission_failed				0	0	yes
fd09963f45749cd094192e932d0c199571eb1992	2020-11-10T19:53:44Z	https://www.publico.pt/2020/11/10/p3/fotogaleria/abate-milhoes-visons-dinamarca-comecou-decisao-pode-sido-ilegal-403467	missing	submission_failed				0	0	yes
ac8b08b73b8f04428737af6efbf909e9f9d0f3d7	2020-11-19T21:00:00Z	https://www.publico.pt/2020/11/19/local/noticia/restaurantes-vao-evitar-mandar-tantos-restos-lixo-1939893	missing	submission_failed				0	0	yes
41c30a74c5f982b058e84c360d68811de50ae111	2020-11-24T15:50:25Z	https://www.publico.pt/2020/11/24/impar/noticia/ha-16-portugueses-corrida-oscares-livros-cozinha-1940435	missing	submission_failed				0	0	yes
6b6af77f347c48f110a91c976e95015a0e542197	2021-02-02T10:25:26Z	https://www.publico.pt/2021/02/02/ciencia/noticia/pesca-comercial-reduzir-diferenciacao-genetica-peixes-nivel-mundial-1948897	missing	submission_failed				0	0	yes
7ac9260fb5e40b27542891164fcefce4ad9c4eca	2021-02-19T21:29:48Z	https://www.publico.pt/2021/02/19/impar/noticia/68-anos-atras-grades-jovem-condenado-prisao-perpetua-ha-tempo-eua-abraca-liberdade-1951443	missing	submission_failed				0	0	yes
82ba4f928417d4bfd9213d8489a3d89f254e4651	2021-04-14T08:17:00Z	https://www.publico.pt/2021/04/14/p3/noticia/replay-dar-nova-vida-brinquedos-usados-1958304	missing	submission_failed				0	0	yes
9137861d3e7f3662eb0fcdc14ca48ef8dce537fa	2021-04-22T10:31:48Z	https://www.publico.pt/2021/04/22/p3/noticia/nigeria-jovens-criam-moda-partir-lixo-combater-poluicao-1959577	missing	submission_failed				0	0	yes
980fdbea78c5f115ac061ae7a2aa7bb382d3123d	2021-04-24T10:39:05Z	https://www.publico.pt/2021/04/24/mundo/noticia/familia-norteamericana-acusada-vender-lixivia-tratar-covid19-condenada-prisao-perpetua-1959868	missing	submission_failed				0	0	yes
c7a5e73eb76cc102ee1a792e4431b27620108994	2021-05-03T05:36:00Z	https://www.publico.pt/2021/05/03/economia/noticia/vai-futuro-verde-europa-1960853	missing	submission_failed				0	0	yes
3794028a58e546b8577a3e6016fcccad9dbc6543	2021-05-19T19:04:38Z	https://www.publico.pt/2021/05/19/local/noticia/borras-cafe-natan-faz-nascer-tonelada-cogumelos-mes-1963257	missing	submission_failed				0	0	yes
c065cf9513e073c1049c5f2e383d6eeaf1a2780c	2021-07-21T15:10:57Z	https://www.publico.pt/2021/07/21/p3/noticia/desperdicio-cerca-40-alimentos-cultivados-nao-sao-consumidos-1971264	missing	submission_failed				0	0	yes
47e38359d2ad8711d4b4209752cab83b97f8f2bf	2021-08-30T12:15:07Z	https://www.publico.pt/2021/08/30/impar/noticia/quer-aprender-compostagem-ha-nova-escola-gratuita-acessivel-1975677	missing	submission_failed				0	0	yes
497e0d93a9972472ffc200021284898e7b07b4cf	2021-09-05T07:10:00Z	https://www.publico.pt/2021/09/05/impar/opiniao/bufetes-escolares-indignados-costume-1976142	missing	submission_failed				0	0	yes
286c10506a407537701ba6aa83f2df0defd7f287	2021-09-15T08:30:00Z	https://www.publico.pt/2021/09/15/impar/opiniao/longo-caminho-aproximarmos-dieta-planetaria-1977391	missing	submission_failed				0	0	yes
b349fccd5aa5199442b3cc99dff7ba70d9ba0eae	2021-10-22T06:45:00Z	https://www.publico.pt/2021/10/22/impar/noticia/saber-comer-pequenoalmoco-tres-granolas-portuguesas-sao-boa-opcao-1980814	missing	submission_failed				0	0	yes
57ba055e28c8e0608897dea53babc001dae3c639	2021-11-03T08:31:06Z	https://www.publico.pt/2021/11/03/mundo/noticia/china-pede-familias-armazenem-alimentos-face-obstaculos-abastecimento-1983455	missing	submission_failed				0	0	yes
97c99abdf35ea318dec70e10cedf1bf19bbbbf2b	2021-11-23T17:15:54Z	https://www.publico.pt/2021/11/23/fugas/noticia/livros-tv-maria-oliveira-dias-quer-mostrar-comida-vegana-facil-divertida-super-saborosa-1986063	missing	submission_failed				0	0	yes
d1106cd603fc5ffdd8b895750467cd7720e3872b	2021-12-22T12:50:40Z	https://www.publico.pt/2021/12/22/impar/noticia/movimento-unidos-desperdicio-propoe-receitas-sobras-natal-chefs-1989461	missing	submission_failed				0	0	yes
b63da6593f1fa45c73579ce2f1a78ddbfdc9d6e2	2021-12-23T12:38:00Z	https://www.publico.pt/2021/12/23/impar/noticia/sobreviver-natal-limitar-estragos-1988390	missing	submission_failed				0	0	yes
c04c4241e01ebafb07bf537a2fabcae55173a19e	2021-12-29T08:02:00Z	https://www.publico.pt/2021/12/29/p3/noticia/venn-date-precisas-cozinhar-prato-vegan-kit-sustentavel-entregue-casa-1989421	missing	submission_failed				0	0	yes
d71998a2bcfcc8a7f6d5f5a4c71ca98e805b6cde	2022-03-04T01:55:00Z	https://www.publico.pt/2022/03/04/ciencia/noticia/reciclar-bom-reutilizar-melhor-1996882	missing	submission_failed				0	0	yes
8dcb78543c31e7e5a21ae77b1d35c52d44f2fc93	2022-03-04T04:54:00Z	https://www.publico.pt/2022/03/04/culturaipsilon/noticia/artes-lugar-experimentacao-ambiental-1997299	missing	submission_failed				0	0	yes
abf74b016092da9f788af5aa1891b803e8ad271f	2022-03-09T16:57:00Z	https://www.publico.pt/2022/03/09/ciencia/noticia/algas-acores-poderao-alimentar-aquacultura-2024-1998163	missing	submission_failed				0	0	yes
759283186a9610cc4e4603837f0d8fe4dab40801	2022-04-17T12:42:38Z	https://www.publico.pt/2022/04/17/mundo/noticia/missil-atinge-missao-humanitaria-world-central-kitchen-faz-morto-quatro-feridos-2002808	missing	submission_failed				0	0	yes
bf661e0984c2979dc7be9d6d8955e45a37f7838f	2022-04-22T13:58:00Z	https://www.publico.pt/2022/04/22/impar/noticia/preocupado-ambiente-20-dicas-tornar-cozinha-verde-2002916	missing	submission_failed				0	0	yes
82a1a29c2643a24ea1c0a302570f5d7284ed46ff	2022-04-27T09:00:00Z	https://www.publico.pt/2022/04/27/p3/noticia/futuro-desperdicio-alimentar-comecar-cantina-escola-2002438	missing	submission_failed				0	0	yes
87d9e5ac657626013b373be0210e038ce29dc922	2022-05-03T09:04:47Z	https://www.publico.pt/2022/05/03/azul/fotogaleria/fruta-feia-sao-ja-15-postos-venda-cooperativa-combate-desperdicio-alimentar-407910	missing	submission_failed				0	0	yes
efe34bc5a2e77d1320cd944f65e1c305fb7609ed	2022-05-14T09:12:13Z	https://www.publico.pt/2022/05/14/azul/noticia/duvida-comer-alimentos-fim-prazo-validade-2006133	missing	submission_failed				0	0	yes
476183a9ac59e5380da3c2f7178264730af9f63d	2022-05-16T06:15:00Z	https://www.publico.pt/2022/05/16/azul/noticia/produzir-insectos-alimentos-100-aproveitado-2004293	missing	submission_failed				0	0	yes
01dec1cd72866495cad1841b3af785ccdd52fb0d	2022-06-24T09:12:48Z	https://www.publico.pt/2022/06/24/estudiop/noticia/decisao-simples-ajuda-planeta-2010666	missing	submission_failed				0	0	yes
7b3e1d99b59107eecdbbb94e8eeb5d09194a8923	2022-06-26T06:25:00Z	https://www.publico.pt/2022/06/26/azul/noticia/flatlantic-empresa-produz-pregados-mar-casa-2011411	missing	submission_failed				0	0	yes
d2ab1487af16543d82dcb8d069454857722119a5	2022-07-06T22:31:33Z	https://www.publico.pt/2022/07/06/azul/noticia/pavilhao-conhecimento-alberga-cidade-sustentavel-inclusiva-partir-sextafeira-2012665	missing	submission_failed				0	0	yes
2d96f3effc23a34d0721dde493def4d5e1a75357	2022-07-27T18:27:48Z	https://www.publico.pt/2022/07/27/azul/noticia/familias-podem-enfrentar-crise-climatica-desperdicando-menos-comida-2015140	missing	submission_failed				0	0	yes
154fb6c876339d62d94a22a99f5fd0b937879a39	2022-08-18T12:02:51Z	https://www.publico.pt/2022/08/18/estudiop/noticia/ciencia-tras-melhores-escolhas-alimentares-2012018	missing	submission_failed				0	0	yes
e1001dc140a24b7f704adc8239b39d81633b153c	2022-09-01T09:01:15Z	https://www.publico.pt/2022/09/01/fugas/fotogaleria/tomatina-tradicao-espectacular-desperdicio-monumental-408738	missing	submission_failed				0	0	yes
782db9244a13be40c77d2ef14201c404c13c7d5b	2022-09-01T14:30:02Z	https://www.publico.pt/2022/09/01/local/noticia/pedidos-apoio-alimentar-algarve-aumentam-final-verao-embate-vira-2019029	missing	submission_failed				0	0	yes
11003356e2e69a8f970fed65990221a082c62766	2022-09-29T07:00:00Z	https://www.publico.pt/2022/09/29/p3/noticia/queres-dizer-nao-desperdicio-alimentar-cinco-apps-sites-podem-ajudar-2021983	missing	submission_failed				0	0	yes
14d4628e32095cece8ce0d463fe8bbd989c63c9c	2022-10-15T08:15:00Z	https://www.publico.pt/2022/10/15/fugas/reportagem/suica-melhor-pais-mundo-vegetarianismo-preparase-revolucao-2023465	missing	submission_failed				0	0	yes
331ec565c9d4386935d2ac69a2caa743dca66037	2022-10-21T08:48:50Z	https://www.publico.pt/2022/10/21/azul/opiniao/aqui-ha-peixe-2024865	missing	submission_failed				0	0	yes
7688bef9e42a3cf67e2da59663f77ac5ab6f9f1d	2022-10-24T11:41:00Z	https://www.publico.pt/2022/10/24/impar/cronica/sintonia-2025153	missing	submission_failed				0	0	yes
0430c459c4c5afd6158eafc951ec71a26dc23ea2	2022-10-31T08:07:00Z	https://www.publico.pt/2022/10/31/impar/noticia/dicas-chef-hotel-cinco-estrelas-poupar-cozinha-casa-2025466	missing	submission_failed				0	0	yes
14879e8d32ed9d18d5b21744f29b2701b3ca70c9	2022-11-27T14:12:06Z	https://www.publico.pt/2022/11/27/azul/noticia/restaurantes-estrela-verde-impacto-real-sociedade-2029395	missing	submission_failed				0	0	yes
a35e7783bdeb37452503145df9e076dcaf11b267	2022-11-28T10:38:35Z	https://www.publico.pt/2022/11/28/impar/noticia/quanta-agua-beber-dia-novo-estudo-oito-copos-ja-sao-2029447	missing	submission_failed				0	0	yes
65b479f3da65346673114d9f3e405cccd0e1797b	2022-12-11T21:01:00Z	https://www.publico.pt/2022/12/11/azul/opiniao/acelerar-transicao-agroecologica-2030984	missing	submission_failed				0	0	yes
447d17769049712138b1f59aadb05352fe49010b	2022-12-23T20:57:00Z	https://www.publico.pt/2022/12/23/azul/noticia/prenda-mae-natureza-cinco-dicas-natal-sustentavel-2032452	missing	submission_failed				0	0	yes
ddd7e78e9741324e091b9506c5cba1b01704d87c	2022-12-24T11:00:00Z	https://www.publico.pt/2022/12/24/azul/noticia/opcao-vegetariana-cantinas-escolares-cinco-anos-lei-realidade-2032140	missing	submission_failed				0	0	yes
66cb0a0e40482d31fc6ee34e06ac80bdcac1ad04	2022-12-25T09:00:00Z	https://www.publico.pt/2022/12/25/azul/reportagem/reparadores-solidaridos-salvam-electronicos-lixo-daonos-precisa-2032574	missing	submission_failed				0	0	yes
7183ca052895e09651f1196d1c25cd574b631695	2023-01-06T13:44:48Z	https://www.publico.pt/2023/01/06/fugas/reportagem/minimeu-ja-nao-mini-abriu-maria-luisa-braga-2032991	missing	submission_failed				0	0	yes
f5b0f6a81f056762d48819434d98345d179e0894	2023-02-11T20:30:00Z	https://www.publico.pt/2023/02/11/azul/noticia/vou-separar-lixo-pago-20-euros-residuos-mes-2038261	missing	submission_failed				0	0	yes
43ad54a624920f8714a1fda1bb6b6664054806df	2023-02-19T08:30:00Z	https://www.publico.pt/2023/02/19/azul/noticia/portugues-deita-184-kg-comida-ano-propoem-mudar-2039370	missing	submission_failed				0	0	yes
39a5c0d4395609c6bcc4e4407826b79ebc1b0a7c	2023-02-27T06:47:00Z	https://www.publico.pt/2023/02/27/azul/entrevista/portugal-gigante-area-marinha-europa-so-25-proteccao-2040171	missing	submission_failed				0	0	yes
01f30cbdec8ca2b71a95a8fa78c95b4971c63880	2023-03-11T11:30:00Z	https://www.publico.pt/2023/03/11/azul/opiniao/sustentabilidade-regeneracao-muda-2041976	missing	submission_failed				0	0	yes
2f271ece83572b0456b48a149deef5cb7d0063f6	2023-03-23T09:02:00Z	https://www.publico.pt/2023/03/23/p3/reportagem/possivel-boicotar-supermercados-tentam-dias-nao-facil-2042786	missing	submission_failed				0	0	yes
9f699811601b9677fe537a049ce8a3dee5a567f6	2023-04-01T05:35:00Z	https://www.publico.pt/2023/04/01/opiniao/opiniao/politica-iva-saudavel-sustentavel-apenas-medida-2044594	missing	submission_failed				0	0	yes
fe9e308f46daad724f0a9ea4db0998480736da54	2023-04-05T14:01:00Z	https://www.publico.pt/2023/04/05/estudiop/noticia/importancia-embalagens-assepticas-reducao-desperdicio-alimentar-2043117	missing	submission_failed				0	0	yes
0270cb8531b297b775c98e927199854b8f549f97	2023-04-26T19:03:00Z	https://www.publico.pt/2023/04/26/azul/noticia/sopa-pesticidas-corpo-vai-dificil-acabar-2047510	missing	submission_failed				0	0	yes
f8f51ae635100d228bf172a5495260d1ccc4a7d2	2023-04-30T06:10:00Z	https://www.publico.pt/2023/04/30/azul/noticia/cozinha-restaurante-europeu-certificado-zero-desperdicio-2047798	missing	submission_failed				0	0	yes
7985f7474d9f86f02be99b3528e1c4171dd894c2	2023-05-11T22:03:55Z	https://www.publico.pt/2023/05/11/azul/noticia/cidade-azul-andar-pe-moda-sustentavel-lixo-materiaprima-2049374	missing	submission_failed				0	0	yes
744a57ade784b7cfcc69200b831e3bec73e633bc	2023-05-11T14:57:31Z	https://www.publico.pt/2023/05/11/estudiop/noticia/reciclagem-embalagens-contributo-portugal-2049150	missing	submission_failed				0	0	yes
2bdf94c83262e6cd314f4f7b6008f8f3e6b5dfcb	2023-05-29T18:25:41Z	https://www.publico.pt/2023/05/29/culturaipsilon/noticia/terca-tv-miss-marx-freeganismo-prisioneiros-guerra-2051446	missing	submission_failed				0	0	yes
6a7cfbde3ba69ac09c4cb260b16ea56a816802e3	2023-05-30T12:11:03Z	https://www.publico.pt/2023/05/30/azul/noticia/reciclagem-nao-solucao-plastico-preciso-mudar-descartavel-reutilizavel-2051525	missing	submission_failed				0	0	yes
59bd6cf709ecd79659805b3a828f0bbfed26eee3	2023-06-01T19:13:32Z	https://www.publico.pt/2023/06/01/azul/noticia/terco-pais-seca-severa-extrema-agua-solo-niveis-criticos-2051899	missing	submission_failed				0	0	yes
55ae31ffb281854a9a77f28093abfabcdd50b397	2023-06-07T11:22:14Z	https://www.publico.pt/2023/06/07/azul/noticia/alimentos-mau-estado-afectam-10-pessoas-causam-200-doencas-2052507	missing	submission_failed				0	0	yes
bce1fe3cd871ae7b388120881aa90f77fdf5997e	2023-06-14T06:30:00Z	https://www.publico.pt/2023/06/14/azul/noticia/ementas-sustentaveis-ha-criancas-viram-brocolos-primeira-escola-2050696	missing	submission_failed				0	0	yes
d4a295c445e4c3b213886ba73303f7dba8f5b2f7	2023-07-05T20:46:33Z	https://www.publico.pt/2023/07/05/azul/noticia/desperdicio-alimentar-estadomembro-quinto-emissor-gases-ue-2055791	missing	submission_failed				0	0	yes
0f92f6dd31c6ae880744af11edb2c4bee5c1b247	2023-07-07T09:38:03Z	https://www.publico.pt/2023/07/07/azul/noticia/podcast-proprio-consumo-repensar-sistema-alimentar-crise-climatica-2055977	missing	submission_failed				0	0	yes
6959c4608c00558326b1a05ed592b1ed6dd85762	2023-07-10T18:11:14Z	https://www.publico.pt/2023/07/10/fugas/noticia/lisboa-avenida-sushicafe-propoe-jantar-sabor-japones-vinho-portugues-2056084	missing	submission_failed				0	0	yes
bf1b9b4c37fe86ff5e38c33a7585e4406890303f	2023-07-31T11:58:42Z	https://www.publico.pt/2023/07/31/azul/noticia/proprio-consumo-bom-pao-nasce-2058711	missing	submission_failed				0	0	yes
7026fb6c03cc061fe087d8a6b93063a57c0dd683	2023-08-02T05:55:00Z	https://www.publico.pt/2023/08/02/azul/noticia/duvida-podemos-comer-alimento-cortamos-parte-bolor-2058105	missing	submission_failed				0	0	yes
df8e3827eb8ad7f270c493d4f84d380786a3723a	2023-08-12T08:39:00Z	https://www.publico.pt/2023/08/12/azul/noticia/portugueses-desperdicam-comida-verao-especialmente-fruta-2059917	missing	submission_failed				0	0	yes
2daba20a83687255e71e22729c4f3399c46c9104	2023-08-20T16:04:00Z	https://www.publico.pt/2023/08/20/azul/noticia/guia-compostagem-casa-2060028	missing	submission_failed				0	0	yes
dca20efe7d04090dd399d9b06d3bee58dbd44134	2023-08-30T07:03:00Z	https://www.publico.pt/2023/08/30/azul/noticia/duvida-desperdicio-alimentar-contribui-crise-climatica-2061547	missing	submission_failed				0	0	yes
f1d7a0e332bba9927b6bf35887734f18cbbcd0fa	2023-08-31T14:04:04Z	https://www.publico.pt/2023/08/31/terroir/noticia/cremes-infusoes-bolachas-dao-nova-vida-engaco-subprodutos-vinha-2061795	missing	submission_failed				0	0	yes
e1e5e735a5213a0ef8da3b104b9c09b6b7ff49ff	2023-09-19T18:31:00Z	https://www.publico.pt/2023/09/19/azul/noticia/precisa-talheres-simples-pergunta-fez-diferenca-china-2063789	missing	submission_failed				0	0	yes
03659ea71411296ec8afe020c1400303c19651da	2023-09-20T16:02:46Z	https://www.publico.pt/2023/09/20/impar/noticia/cozinhar-desperdicio-chef-kiko-tia-catia-joana-barrios-ajudam-fazem-festa-2064007	missing	submission_failed				0	0	yes
c13c9af700668b9395edaa723ec0494da108b5b5	2023-09-25T15:31:45Z	https://www.publico.pt/2023/09/25/estudiop/noticia/compras-sustentaveis-2063943	missing	submission_failed				0	0	yes
d1e2dd4379ad2f397b85382d670f53c15b8d0fd1	2023-09-26T12:02:00Z	https://www.publico.pt/2023/09/26/azul/noticia/paciente-internado-geramse-ate-oito-quilos-residuos-dia-2064609	missing	submission_failed				0	0	yes
c7230d68b040cbd9f6277514424759740c59c24f	2023-09-29T07:50:00Z	https://www.publico.pt/2023/09/29/impar/opiniao/desperdicio-alimentar-calcanhar-aquiles-casa-2064951	missing	submission_failed				0	0	yes
74e5fcbbfb5d15a8411a5487d69e997ab671211b	2023-10-04T09:47:56Z	https://www.publico.pt/2023/10/04/estudiop/noticia/tetra-pak-refood-lancam-campanha-reciclar-alimenta-2065048	missing	submission_failed				0	0	yes
ed898005045da10cc0c7428b0e82d227e91520b5	2023-10-13T07:01:00Z	https://www.publico.pt/2023/10/13/fugas/perfil/mostrar-respeito-dar-residentes-capacidade-decidirem-turismo-querem-2066419	missing	submission_failed				0	0	yes
23dcdc3ab034c5024aace4ab6ad91b1f45ec0c2a	2023-10-16T05:00:00Z	https://www.publico.pt/2023/10/16/politica/noticia/desperdicio-ps-quer-obrigar-supermercados-doar-alimentos-fim-prazo-ipss-2066777	missing	submission_failed				0	0	yes
511dcca42f39fa4b1ebf42f3417580b6d7e17591	2023-10-18T09:25:00Z	https://www.publico.pt/2023/10/18/azul/opiniao/futuro-embalagens-reutilizaveis-jogo-2066879	missing	submission_failed				0	0	yes
61d1ac7bd0773838bf88c1cfa832af8b62c871ab	2023-10-29T06:52:00Z	https://www.publico.pt/2023/10/29/ciencia/noticia/comer-folhas-cenoura-talos-couve-prol-planeta-2067279	missing	submission_failed				0	0	yes
ed9e089fa080c61e4eb1d4427d587bb1be2f3eea	2023-11-07T09:12:02Z	https://www.publico.pt/2023/11/07/p3/cronica/natal-tempo-2069258	missing	submission_failed				0	0	yes
bbeb86b5c1fcf8fa014e9894f991d3e49e69406e	2023-11-09T18:38:58Z	https://www.publico.pt/2023/11/09/local/noticia/hortee-mercados-biologicos-porto-estao-online-2069638	missing	submission_failed				0	0	yes
36622ea672abf1f944149658d192f905784da491	2023-11-14T16:25:17Z	https://www.publico.pt/2023/11/14/impar/noticia/carlos-iii-faz-75-anos-celebra-lancamento-projecto-fome-desperdicio-2070189	missing	submission_failed				0	0	yes
0b27d977b768500866ab54d1da970a5049203f4e	2023-11-18T16:46:00Z	https://www.publico.pt/2023/11/18/p3/noticia/dietas-cereais-sao-melhores-piores-caes-2068595	missing	submission_failed				0	0	yes
9f2f9398b13f38d5477860ed831f4d464161b63c	2023-11-21T17:12:45Z	https://www.publico.pt/2023/11/21/impar/noticia/feng-shui-frigorifico-evitar-desperdicio-2071024	missing	submission_failed				0	0	yes
e562ed6399394c2b20b5686374a81af36f28a3a7	2023-12-02T21:25:07Z	https://www.publico.pt/2023/12/02/azul/noticia/agricultura-dura-tarefa-alimentar-mundo-destruir-2072249	missing	submission_failed				0	0	yes
0b3c00484baeece9a1cd2dc34508aa55cd2aa531	2023-12-02T08:21:09Z	https://www.publico.pt/2023/12/02/azul/noticia/arrotos-vaca-desperdicio-alimentar-destaque-dia-agricultura-cop28-2072290	missing	submission_failed				0	0	yes
f0333ab398ee0d9e9e55a4141d2b80409cdca3b8	2023-12-03T07:50:00Z	https://www.publico.pt/2023/12/03/azul/noticia/cop28-quer-mundo-falar-comemos-2072144	missing	submission_failed				0	0	yes
37ba0f8644ed69f05dcb430135644d673024c09d	2023-12-14T15:18:07Z	https://www.publico.pt/2023/12/14/p3/noticia/ratos-sao-empaticos-pensas-gostam-estar-perto-pessoas-2073695	missing	submission_failed				0	0	yes
cd6861729c789632f13cd552d8a3b8ff65155eac	2023-12-22T17:56:43Z	https://www.publico.pt/2023/12/22/impar/opiniao/voce-nao-caixote-lixo-2074446	missing	submission_failed				0	0	yes
512f496bc7d786e6ebe6688790eb7d06ecfd944d	2023-12-23T16:08:00Z	https://www.publico.pt/2023/12/23/azul/noticia/associacoes-alertam-excessos-consumo-natal-pedem-contencao-desperdicio-2074624	missing	submission_failed				0	0	yes
53291b54cc6dd66c173e9e60d8ecd9792b41ddd9	2023-12-26T08:56:00Z	https://www.publico.pt/2023/12/26/azul/noticia/senhor-moscas-encontrou-larvas-solucao-desperdicio-alimentar-2073653	missing	submission_failed				0	0	yes
d22813ac0a465f689514cd9bda37b902a62dcb0b	2023-12-28T16:09:02Z	https://www.publico.pt/2023/12/28/azul/noticia/prado-prato-estrategia-onu-reduzir-emissoes-sistemas-alimentares-2074921	missing	submission_failed				0	0	yes
fc4560fa6af0ff31b10d8b9b6309daf2b1d5df31	2024-01-02T10:07:15Z	https://www.publico.pt/2024/01/02/impar/cronica/sao-maes-avos-gostariamos-companheiras-2075420	missing	submission_failed				0	0	yes
04697ac6f10e1f0a53403d0f1eb36bc075e04fbf	2024-01-06T10:04:00Z	https://www.publico.pt/2024/01/06/p3/noticia/tampas-mudam-cor-alimentos-estragam-2075491	missing	submission_failed				0	0	yes
d7fd34f31acb6081223e6ff81b724ec3bb45a26a	2024-01-31T16:44:17Z	https://www.publico.pt/2024/01/31/economia/noticia/tribunal-anula-premio-abismal-56-mil-milhoes-tesla-musk-2078795	missing	submission_failed				0	0	yes
4f99d963f315b36eaaa9b94fa35e0cd3caab5d37	2024-01-31T18:43:05Z	https://www.publico.pt/2024/01/31/mundo/noticia/tribunal-onu-rejeita-maioria-queixas-kiev-apoio-russo-separatistas-2078819	missing	submission_failed				0	0	yes
eaf2e956f5a8a05a015de659e39857fe04bb087f	2024-02-03T11:17:00Z	https://www.publico.pt/2024/02/03/azul/noticia/gigantesco-espelho-plastico-estufas-almeria-vese-espaco-2078452	missing	submission_failed				0	0	yes
4fd5e7b28b364713e30f469eb9038a9e133a006b	2024-02-19T10:43:16Z	https://www.publico.pt/2024/02/19/azul/noticia/eleicoes-tempo-assumir-combate-desperdicio-alimentar-lei-2080783	missing	submission_failed				0	0	yes
2408440facd80ee30a50c7e81c9f8b0d30b28479	2024-02-26T11:15:14Z	https://www.publico.pt/2024/02/26/impar/noticia/simples-ferramenta-manter-frescos-frutas-legumes-2081638	missing	submission_failed				0	0	yes
e38b1d557346957f1cab52561731d04c094ce228	2024-02-28T08:40:55Z	https://www.publico.pt/2024/02/28/azul/noticia/alteracoes-climaticas-associadas-perda-peso-peixes-pacifico-2081865	missing	submission_failed				0	0	yes
7fc58fbab51f2a06701e4449d056200de9253ac0	2024-03-05T20:52:13Z	https://www.publico.pt/2024/03/05/azul/noticia/ue-chega-acordo-provisorio-legislacao-reduzir-plastico-embalagens-2082653	missing	submission_failed				0	0	yes
e7a88e97a7fb97d5dacfc3eb2320e18b097e0bea	2024-03-19T13:00:01Z	https://www.publico.pt/2024/03/19/azul/noticia/estado-clima-2023-ha-recordes-terra-ha-recordes-mar-2084099	missing	submission_failed				0	0	yes
00be412b4eeb6d7effc70de7ceac869a6fefa30f	2024-03-21T16:11:39Z	https://www.publico.pt/2024/03/21/fugas/noticia/congresso-acordas-saboreiase-15-dias-alentejo-2084388	missing	submission_failed				0	0	yes
ae8376e68f7ab61062903315d5a7604b6d8f4a52	2024-03-23T19:26:00Z	https://www.publico.pt/2024/03/23/azul/entrevista/sian-sutherland-alimentamnos-forca-plastico-dias-2083812	missing	submission_failed				0	0	yes
dc9b40859e79968a3959510b2072685e2c02b8a2	2024-03-28T12:41:00Z	https://www.publico.pt/2024/03/28/impar/noticia/8-alimentos-congelador-estragar-nao-cuidado-2085015	missing	submission_failed				0	0	yes
0d58be8addbdd40b8034285f423a47ec07dc1173	2024-04-05T15:07:34Z	https://www.publico.pt/2024/04/05/mundo/noticia/panfleto-mcdonalds-congratula-exercito-israelita-nao-autentico-2086009	missing	submission_failed				0	0	yes
78b9af1bc7db5c6be02adf558302641dcb40d6b8	2024-04-17T11:47:00Z	https://www.publico.pt/2024/04/17/impar/noticia/menos-compras-cozinhar-desperdicar-comer-bem-2087162	missing	submission_failed				0	0	yes
ac8c2aad75b2ee53d39329e6552777b704ecd47f	2024-04-22T18:45:00Z	https://www.publico.pt/2024/04/22/azul/noticia/possivel-comer-melhor-proteger-planeta-ha-plano-alimentacao-mostra-sim-2087671	missing	submission_failed				0	0	yes
523f5ee8c1eec83f0b6bc9c2f7ef2fd110f884d1	2024-04-24T19:05:00Z	https://www.publico.pt/2024/04/24/azul/noticia/ha-56-empresas-sao-responsaveis-metade-poluicao-plastico-marca-2088126	missing	submission_failed				0	0	yes
c64280f86ca1ff3a000da26d854799d619da2ee1	2024-05-04T19:27:00Z	https://www.publico.pt/2024/05/04/azul/opiniao/reino-cavalo-sera-bife-morango-epoca-2088999	missing	submission_failed				0	0	yes
7d98556a058c25b8de7cfe1a4f398a789483fb93	2024-05-25T11:39:00Z	https://www.publico.pt/2024/05/25/azul/noticia/excesso-producao-espanha-deixa-400-milhoes-quilos-limoes-arvores-2091689	missing	submission_failed				0	0	yes
a7760062c86b6ce715dd85cfae77f559cde06227	2024-05-25T11:59:49Z	https://www.publico.pt/2024/05/25/sociedade/noticia/banco-alimentar-comeca-sabado-nova-campanha-recolha-alimentos-2091804	missing	submission_failed				0	0	yes
71dba7c619382dbfda466cb54d332e34c7cc7322	2024-06-01T06:04:00Z	https://www.publico.pt/2024/06/01/local/noticia/areal-praias-portuguesas-diminuiu-ultimos-meses-aconteceu-2092285	missing	submission_failed				0	0	yes
fe3deab141ea2851e3911e5853de95c7fccdb7b0	2024-06-02T10:58:23Z	https://www.publico.pt/2024/06/02/impar/noticia/jejum-intermitente-eficaz-controlar-saude-intestinal-peso-2092607	missing	submission_failed				0	0	yes
ab4adc74a872162b2844b1ae1d8924957e706be8	2024-06-07T15:43:00Z	https://www.publico.pt/2024/06/07/impar/opiniao/seguranca-alimentar-preparese-inesperado-2093043	missing	submission_failed				0	0	yes
d54b53d61201429ec3c6fe5e64b870ace3d608b2	2024-06-15T07:22:22Z	https://www.publico.pt/2024/06/15/mundo/noticia/cinco-milhoes-venezuelanos-sofrem-subnutricao-2094093	missing	submission_failed				0	0	yes
bfc4275284d2c9f14789537c1f51acfb627112fe	2024-06-19T09:57:00Z	https://www.publico.pt/2024/06/19/azul/opiniao/better-together-biodiversidade-2094399	missing	submission_failed				0	0	yes
bb6decbc206f6fc8a01a8af86300f1953dc35464		https://www.publico.pt/2024/07/02/economia/noticia	missing	submission_failed				0	0	yes
3a2b827ef8a76f6c462b4ca5179d037459d7b388	2024-07-02T12:21:46Z	https://www.publico.pt/2024/07/02/economia/noticia/reduzir-desperdicio-alimentar-metade-tiraria-153-milhoes-pessoas-subnutricao-2096037	missing	submission_failed				0	0	yes
97bfad5098854ba418513abf35cd5e57bf743124	2024-07-11T14:21:03Z	https://www.publico.pt/2024/07/11/azul/noticia/fibra-vidro-encontrada-primeira-ostras-mexilhoes-2097212	missing	submission_failed				0	0	yes
dc379825f676ed88548500455eb996c083c32bf2	2024-07-11T18:15:00Z	https://www.publico.pt/2024/07/11/azul/noticia/premio-gulbenkian-humanidade-reconhece-importancia-agricultura-sustentavel-2097305	missing	submission_failed				0	0	yes
ca5b3e573d68a71da703eb8ffa22827948653398	2024-07-26T23:05:00Z	https://www.publico.pt/2024/07/27/opiniao/opiniao/banana-espera-2098912	missing	submission_failed				0	0	yes
a741361d59ef49dd46c2588fe08e48e154c5ad74	2024-08-01T06:25:00Z	https://www.publico.pt/2024/08/01/azul/noticia/humanidade-esgota-saldo-recursos-naturais-terra-quintafeira-2099424	missing	submission_failed				0	0	yes
81659584de82282890ac32a3c8e2dd9ce05021a7	2024-08-01T06:38:00Z	https://www.publico.pt/2024/08/01/impar/opiniao/aleitamento-materno-alimento-vida-2098625	missing	submission_failed				0	0	yes
57f21e2e00974a4d019cec678530884ff3ccc792	2024-08-10T11:30:00Z	https://www.publico.pt/2024/08/10/azul/noticia/alimentei-familia-durante-dias-comida-destinada-lixo-2100181	missing	submission_failed				0	0	yes
565f5b38b3ab1e23613e85e41129770121aa9695	2024-08-13T13:01:00Z	https://www.publico.pt/2024/08/13/culturaipsilon/entrevista/vania-baldi-nao-podemos-pensar-perder-tempo-ocio-perda-tempo-2099061	missing	submission_failed				0	0	yes
c5ffed7c54add449661314e6c610bef99cb0e59c	2024-08-17T12:11:00Z	https://www.publico.pt/2024/08/17/impar/noticia/receita-avo-carlos-teixeira-canja-avo-zulmira-2100981	missing	submission_failed				0	0	yes
ee089add4b87838fc114bea9cf5545f177d74068	2024-08-28T11:33:56Z	https://www.publico.pt/2024/08/28/p3/cronica/festas-aldeia-adaptacao-necessaria-natural-2102073	missing	submission_failed				0	0	yes
5af4f60686c6980cb79fc67fe68d716a815ab265	2024-09-02T15:04:54Z	https://www.publico.pt/2024/09/02/ciencia/noticia/covid19-associada-risco-acrescido-perda-audicao-jovens-adultos-2102613	missing	submission_failed				0	0	yes
d9280421b5f4d5a7e87b534a448bc30e87fa3146	2024-09-19T16:56:13Z	https://www.publico.pt/2024/09/19/terroir/noticia/sector-vitivinicola-quer-fiscalizacao-informacao-consumidor-2104760	missing	submission_failed				0	0	yes
ea288ea064ff6de004a6e666742b80946ad67779	2024-09-23T08:51:56Z	https://www.publico.pt/2024/09/23/azul/noticia/portugues-gasta-350-euros-ano-alimentos-acabam-lixo-alerta-empresa-2105115	missing	submission_failed				0	0	yes
69ff8c4e537d69138fa8e1062f43536b404b15a7	2024-09-26T14:07:54Z	https://www.publico.pt/2024/09/26/edicoes-publico/noticia/sustentabilidade-inovacao-transformacao-industrias-consumo-2105498	missing	submission_failed				0	0	yes
1b83b23c329b5f64f4b2b76e9e0c67417feb919d	2024-09-28T07:05:00Z	https://www.publico.pt/2024/09/28/azul/noticia/possivel-viver-plastico-diaadia-ha-tente-fazelo-2105342	missing	submission_failed				0	0	yes
bda8936fcef61bbb36c17f3c6b725cb9294b682e	2024-09-30T07:44:26Z	https://www.publico.pt/2024/09/30/sociedade/noticia/distribuicao-quer-fim-obstaculos-fiscais-recolha-doacao-alimentos-2105943	missing	submission_failed				0	0	yes
9ff68ed39b20a9049261a0ea0f869471cadcbf67	2024-10-04T15:16:53Z	https://www.publico.pt/2024/10/04/publico-brasil/opiniao/voce-nao-culpa-2106570	missing	submission_failed				0	0	yes
889ed1355ca6c467112703c38a1898adc22fdd32	2024-10-11T15:19:22Z	https://www.publico.pt/2024/10/11/estudiop/noticia/52-milhoes-programa-promove-valorizar-interior-2105707	missing	submission_failed				0	0	yes
1ced1b826c079793023c38dce41a3187e467b6b8	2024-10-21T17:15:39Z	https://www.publico.pt/2024/10/21/azul/noticia/seca-portugal-esgotar-solucoes-transvases-regioes-2108789	missing	submission_failed				0	0	yes
38323cf17d83934befbab41fdba8a0b83ac5f4a7	2024-10-26T12:01:49Z	https://www.publico.pt/2024/10/26/publico-brasil/entrevista/arte-mudar-sociedade-afirma-atriz-ursula-corona-2109527	missing	submission_failed				0	0	yes
55eaffa816869eb53bed48ff06a0fcf4fbfb12fc	2024-10-29T15:56:09Z	https://www.publico.pt/2024/10/29/azul/noticia/zero-embalagens-nao-recicladas-nao-pagas-consumidor-coloca-mercado-2109853	missing	submission_failed				0	0	yes
44e98afbed693a29ccbe9abad994749e0efebeb3	2024-10-29T09:54:42Z	https://www.publico.pt/2024/10/29/estudiop/noticia/retalho-referencia-descarbonizacao-2109052	missing	submission_failed				0	0	yes
7ee1df127a58ec97f6c6089ea1189496309d5874	2024-10-30T13:01:00Z	https://www.publico.pt/2024/10/30/azul/noticia/curar-doenca-inaccao-climatica-seca-afectou-metade-solos-2023-2109918	missing	submission_failed				0	0	yes
c09ca6115d8ddd4719097e9aedb49b6dc90e0c5f	2024-10-30T19:04:00Z	https://www.publico.pt/2024/10/30/azul/noticia/ha-substancias-quimicas-plasticos-estao-escapar-podem-perigosas-2109902	missing	submission_failed				0	0	yes
c4ac3a2fce66afe88200d2914537d9278744d0d1	2024-10-30T14:16:26Z	https://www.publico.pt/2024/10/30/impar/noticia/musculacao-efetiva-exercicios-aerobicos-emagrecer-2109986	missing	submission_failed				0	0	yes
24ee09305b2819f5310bb2f6785f8b1923997825	2024-11-07T08:38:00Z	https://www.publico.pt/2024/11/07/p3/cronica/voluntario-apoio-alimentar-2110738	missing	submission_failed				0	0	yes
eb05aac694d8b751a1b8942ded9442a8e69442e3	2024-11-07T08:54:05Z	https://www.publico.pt/2024/11/07/sociedade/noticia/cartao-social-nao-abrange-pessoas-recebem-cabaz-alimentar-2110887	missing	submission_failed				0	0	yes
778f25413dfcba30752691b99d537a3a4857142e	2024-11-14T17:35:19Z	https://www.publico.pt/2024/11/14/impar/noticia/carlos-celebra-76-aniversario-abertura-centros-alimentares-2111883	missing	submission_failed				0	0	yes
512d07cc3565d093bbd91585ea8bbc0d93e1fa96	2024-11-17T15:20:00Z	https://www.publico.pt/2024/11/17/azul/noticia/50-anos-perdemos-90-elefantes-floresta-futuro-restantes-sombrio-2111377	missing	submission_failed				0	0	yes
e9794c5f7d364f18e10aef0b6e1f26de8bb04421	2024-11-20T23:12:43Z	https://www.publico.pt/2024/11/20/sociedade/noticia/nacionalidade-portuguesa-alvaro-sobrinho-nega-estar-fugido-nao-quis-sair-portugal-2112727	missing	submission_failed				0	0	yes
5bb1f598a7f0063264f5cc35a1bb875f18a62240	2024-11-28T16:54:03Z	https://www.publico.pt/2024/11/28/terroir/noticia/candidatos-casa-douro-defendem-producao-aguardente-reduzir-excedentes-2113681	missing	submission_failed				0	0	yes
1a13fa2733c57df4317c5f0c90a9bc0352b9bac6	2024-11-29T17:40:25Z	https://www.publico.pt/2024/11/29/estudiop/noticia/descarbonizacao-novo-mix-energetico-dieta-emissoes-2113684	missing	submission_failed				0	0	yes
ae258b0c4207df9fbe2afa654f8d876ce02468aa	2024-12-04T10:01:00Z	https://www.publico.pt/2024/12/04/azul/noticia/monstro-lixo-cozinha-viagens-florestas-fizeram-algo-planeta-portugal-2114242	missing	submission_failed				0	0	yes
4760177d87b6809a7e95c0c0e894a4af17b8f904	2024-12-12T14:17:25Z	https://www.publico.pt/2024/12/12/azul/noticia/dia-fim-cimeira-desertificacao-mantem-duvidas-financiamento-2115337	missing	submission_failed				0	0	yes
4adfcb5a9a072571a4929fe70570f4699fcfc7da	2024-12-12T12:16:33Z	https://www.publico.pt/2024/12/12/p3/cronica/voluntario-banco-alimentar-2115404	missing	submission_failed				0	0	yes
9e0587aea1ba54adaa45e016ad05fd5277d96336	2024-12-17T13:24:59Z	https://www.publico.pt/2024/12/17/azul/noticia/perdas-biodiversidade-custamnos-anos-valor-igual-pib-eua-2115988	missing	submission_failed				0	0	yes
f0492ad123158ee78cbae004361cf517d7590b54	2024-12-17T21:02:00Z	https://www.publico.pt/2024/12/17/azul/noticia/precisamos-papel-embrulho-nao-ha-alternativas-2115439	missing	submission_failed				0	0	yes
836697dd4f655d452b91daba3d3563dbafa502d2	2024-12-18T22:45:24Z	https://www.publico.pt/2024/12/18/azul/noticia/reduzir-lixo-reaproveitar-embrulhos-enfeites-dicas-natal-sustentavel-2116209	missing	submission_failed				0	0	yes
682e13adc449972df3cbd4dbff42db93a72b4664	2024-12-19T13:16:00Z	https://www.publico.pt/2024/12/19/azul/noticia/prenda-natal-ultima-hora-adopta-panda-urso-lince-lobo-2116013	missing	submission_failed				0	0	yes
53f2be8e6f542513101517028ea2791616b04189	2024-12-24T11:04:00Z	https://www.publico.pt/2024/12/24/azul/noticia/mudancas-podem-trazer-mesa-natal-ecologico-2116489	missing	submission_failed				0	0	yes
bf8648dec3559d1c0703a711c73a6999208929de	2024-12-29T12:40:00Z	https://www.publico.pt/2024/12/29/impar/noticia/desperdicar-menos-comida-epoca-festiva-comprometer-seguranca-2116981	missing	submission_failed				0	0	yes
814fd7bb43100a536b184427638623c9170e30b6	2025-01-02T16:17:02Z	https://www.publico.pt/2025/01/02/sociedade/noticia/emigrantes-consulta-ha-cinco-anos-deverao-perder-medico-familia-atribuido-2117437	missing	submission_failed				0	0	yes
5dca973ae68a17ccefd07bf1a134c8a0900676a6	2025-01-03T11:29:41Z	https://www.publico.pt/2025/01/03/azul/noticia/desviar-milhao-toneladas-lixo-urbano-aterros-zero-apresenta-propostas-2117489	missing	submission_failed				0	0	yes
249b145615d087005be69b9e81bd2bbd75e7c72a	2025-01-06T10:01:00Z	https://www.publico.pt/2025/01/06/fugas/noticia/aeroporto-perdeu-mala-sao-30-anos-excelencia-osaka-2117549	missing	submission_failed				0	0	yes
2c8e280fef543467152e7ab194105e9b6c0f4cd5	2025-01-09T00:01:00Z	https://www.publico.pt/2025/01/09/azul/noticia/sistema-saude-precisa-prepararse-efeitos-crise-climatica-relatorio-2118079	missing	submission_failed				0	0	yes
6fc0170165d7900a36e12ce3a4d1c11712eb5b19	2025-01-23T20:42:11Z	https://www.publico.pt/2025/01/23/azul/noticia/portugal-confirma-autorizacao-uso-po-larvas-alimentos-2119897	missing	submission_failed				0	0	yes
59417229890558393a27bfc531b3a37e3f2a46e1	2025-01-28T09:37:06Z	https://www.publico.pt/2025/01/28/fugas/noticia/compras-lixo-supermercados-truque-dinamarquesa-viajar-2120330	missing	submission_failed				0	0	yes
0ffba9286a2235554272838afb8b58c894b34604	2025-02-04T15:10:04Z	https://www.publico.pt/2025/02/04/estudiop/noticia/agricultura-moderna-cenario-europa-nao-ficar-tras-2120327	missing	submission_failed				0	0	yes
157b9dc40653f2ceeca64e6e252c7af93eda9644	2025-02-12T10:44:06Z	https://www.publico.pt/2025/02/12/azul/noticia/sao-novas-regras-ue-embalagens-residuos-embalagens-2122224	missing	submission_failed				0	0	yes
a7010fba8df3bebb762ec1038336e7a43b6b1834	2025-02-14T05:35:00Z	https://www.publico.pt/2025/02/14/mundo/noticia/caos-ajuda-humanitaria-alimentos-medicamentos-risco-processos-tribunal-2122482	missing	submission_failed				0	0	yes
fa9d75f839e6c49986c580ba568620cce834e112	2025-02-17T08:24:00Z	https://www.publico.pt/2025/02/17/impar/cronica/coracao-bate-perda-tempo-2122786	missing	submission_failed				0	0	yes
fede1f89e190ff226b9d458471b548090f97da50	2025-02-28T13:40:55Z	https://www.publico.pt/2025/02/28/ciencia/noticia/doenca-desconhecida-detectada-rd-congo-sera-malaria-intoxicacao-alimentar-2124288	missing	submission_failed				0	0	yes
0de67a83b07ad117e76c55d3fb6262cead7b2749	2025-03-13T13:09:12Z	https://www.publico.pt/2025/03/13/azul/noticia/galinhas-reformadas-revitalizam-aumentam-rendimento-olivais-chipre-2123634	missing	submission_failed				0	0	yes
68b3f3b86b9bbdbfe77423a93fd48c777158a7dd	2025-03-20T21:32:00Z	https://www.publico.pt/2025/03/20/azul/noticia/caca-lobo-volta-permitida-espanha-norte-rio-douro-2126708	missing	submission_failed				0	0	yes
6254721bd4beaf06bacc9eea313f4098d578c1b8	2025-03-20T07:00:00Z	https://www.publico.pt/2025/03/20/local/noticia/2024-guimaraes-seixal-municipios-recolheram-lixo-alimentar-habitante-2126608	missing	submission_failed				0	0	yes
14950721615de42b92e4e7c9d18b43672eeccec3	2025-03-21T12:28:19Z	https://www.publico.pt/2025/03/21/azul/noticia/restaurantes-espanha-obrigados-caixas-levar-restos-2126854	missing	submission_failed				0	0	yes
bdce7e64c228d814a4cd50fb75c30347d9b01c68	2025-03-21T14:04:37Z	https://www.publico.pt/2025/03/21/azul/reportagem/tempestades-marco-tiram-albufeiras-vermelho-ha-nao-via-2126871	missing	submission_failed				0	0	yes
f5f4315e59f765827fb2bf08b681277d8b4a241b	2025-03-23T09:41:00Z	https://www.publico.pt/2025/03/23/azul/opiniao/essencial-garantir-nenhuma-refeicao-descartada-2126998	missing	submission_failed				0	0	yes
aeebd522f75ff11724e7665b6d1f3442ea9078b3	2025-03-27T10:00:00Z	https://www.publico.pt/2025/03/27/culturaipsilon/noticia/portuguesa-maria-abranches-premiados-world-press-photo-2025-2127514	missing	submission_failed				0	0	yes
879254395cbe7e35b6f52a28246a0c18165ef1c1	2025-04-03T14:09:42Z	https://www.publico.pt/2025/04/03/economia/noticia/wall-street-forte-queda-nasdaq-perder-45-s500-3-2128426	missing	submission_failed				0	0	yes
53ab7824a39c8484bd5c328d0ab9d5938b3af4b5	2025-04-03T23:37:54Z	https://www.publico.pt/2025/04/04/impar/noticia/olhos-barriga-2128519	missing	submission_failed				0	0	yes
ebdd826b1bf987235e0238bf8203c6574d1adb9f	2025-04-11T13:01:49Z	https://www.publico.pt/2025/04/11/politica/noticia/tap-habitacao-referencia-elon-musk-factos-quarto-dia-debates-2129405	missing	submission_failed				0	0	yes
f54584d99006cba420dc85719e4dd7353a4829c5	2025-04-15T20:15:00Z	https://www.publico.pt/2025/04/15/azul/noticia/nao-enxotem-moscas-insectos-incomodos-sao-vitais-planeta-estudo-2129833	missing	submission_failed				0	0	yes
76eb096b334ca4eaa2c209fe047976db4b83853e	2025-04-16T05:45:00Z	https://www.publico.pt/2025/04/16/sociedade/noticia/infarmed-denuncia-igas-ma-pratica-clinica-prescricao-medicamento-antidiabetico-2129941	missing	submission_failed				0	0	yes
5eda49bcf1f03227e9ea2fd14940d9cc57000905	2025-04-24T15:29:00Z	https://www.publico.pt/2025/04/24/azul/noticia/comissao-quer-proteger-biodiversidade-integrando-tratado-altomar-direito-ue-2130850	missing	submission_failed				0	0	yes
fb8769bee0790e37aa01b599f26ae6e8c103798d	2025-04-24T08:51:00Z	https://www.publico.pt/2025/04/24/azul/noticia/improprio-consumo-maioria-consumidores-admite-nao-confiar-sentidos-avaliar-alimento-bom-2130692	missing	submission_failed				0	0	yes
9d609d21b487699a89bf46c140f882de4676c19d	2025-04-24T16:16:00Z	https://www.publico.pt/2025/04/24/fugas/reportagem/bananika-sidra-terceira-quer-combater-desperdicio-banana-2130515	missing	submission_failed				0	0	yes
67025caa3f2bec649f9373031dca32c143990713	2025-04-29T12:39:38Z	https://www.publico.pt/2025/04/29/economia/noticia/reabastecimento-bens-alimentares-caminho-normalizacao-aped-2131290	missing	submission_failed				0	0	yes
836ff7e716324532f38ba084e3f1024d4cceb2dd	2025-04-29T13:45:30Z	https://www.publico.pt/2025/04/29/local/noticia/apagao-razao-falhou-agua-zonas-porto-2131302	missing	submission_failed				0	0	yes
84d1db0505e368bb8582c43ab067ce4848bdcb52	2025-05-02T06:00:00Z	https://www.publico.pt/2025/05/02/culturaipsilon/entrevista/gabor-mate-ocidente-ha-vazio-profundo-vem-falta-pertenca-perda-ligacao-2131116	missing	submission_failed				0	0	yes
3e457c29e4fbe70b08cd9c8635b17e321808164b	2025-05-07T17:12:36Z	https://www.publico.pt/2025/05/07/p3/noticia/astronautas-usam-copo-menstrual-descobrem-sangue-fertilizar-plantas-marte-2132271	missing	submission_failed				0	0	yes
acfa453a53890010ccff7986690ea53a44aaaacd	2025-05-12T20:33:58Z	https://www.publico.pt/2025/05/12/sociedade/noticia/constitucional-confirma-perda-mandato-presidente-gaia-eduardo-vitor-rodrigues-2132820	missing	submission_failed				0	0	yes
738618a478ae75af5957152b9b48bdb57eece448	2025-05-14T11:20:00Z	https://www.publico.pt/2025/05/14/azul/noticia/oceanos-nova-esperanca-mar-historias-aprender-cuidar-oceano-sustenta-2132953	missing	submission_failed				0	0	yes
87df7ff37e957d515d1c1c39dcff84541e2a117a	2025-05-14T11:48:47Z	https://www.publico.pt/2025/05/14/economia/noticia/perdas-energia-apagao-ocorreram-sevilha-granada-badajoz-2132998	missing	submission_failed				0	0	yes
6d2b62b8d75cd6729ddce85db04cafcc0ffb2d05	2025-05-16T09:04:05Z	https://www.publico.pt/2025/05/16/politica/noticia/pensam-partidos-reconhecer-estado-palestina-2132936	missing	submission_failed				0	0	yes
00ad959a031e95cb628e5241da1890ad52f377b6	2025-05-20T07:59:00Z	https://www.publico.pt/2025/05/20/local/noticia/estalagem-porto-barcas-navio-naufragar-ha-varias-decadas-2132052	missing	submission_failed				0	0	yes
e5df80b0b69fd8d664492f026a01069a30b4eb88	2025-05-22T19:38:23Z	https://www.publico.pt/2025/05/22/publico-brasil/noticia/longas-filas-aeroporto-lisboa-exigem-atencao-viajantes-conexoes-2134040	missing	submission_failed				0	0	yes
dc534942cc7c5145dd8061c42eafc4cceb3a8d74	2025-05-28T11:08:39Z	https://www.publico.pt/2025/05/28/mundo/noticia/organizacao-privada-suspende-ajuda-gaza-apos-47-feridos-durante-distribuicao-2134639	missing	submission_failed				0	0	yes
5eef0910f1680569b81b4ae1c19d27d0e4f51ac6	2025-06-04T18:00:04Z	https://www.publico.pt/2025/06/04/politica/noticia/isaltino-morais-condenado-exercicio-funcoes-verdadeiro-2135533	missing	submission_failed				0	0	yes
4b45220a3d9446e3e218361ac0f02e65ff0fc4d4	2025-06-06T15:13:25Z	https://www.publico.pt/2025/06/06/ciencia/noticia/nao-japonesa-ispace-perde-modulo-pousar-lua-2135842	missing	submission_failed				0	0	yes
ca3f90de1a9d41b6cc0cbdcfcc49edab004891c2	2025-06-17T10:52:22Z	https://www.publico.pt/2025/06/17/impar/noticia/julgamento-opoe-anjos-joana-marques-arranca-venho-descobrir-graves-passaram-2136914	missing	submission_failed				0	0	yes
904ae9d0f3c854d17cc52aad02927ba9583f1b42	2025-06-18T06:37:00Z	https://www.publico.pt/2025/06/18/fugas/opiniao/gastronomia-sustentavel-onde-nutricao-cultura-sustentabilidade-encontram-2136354	missing	submission_failed				0	0	yes
4dacb98f3ada727e58b466e00647b86ad0a93ed9	2025-07-03T09:01:00Z	https://www.publico.pt/2025/07/03/fugas/noticia/arte-cervejar-tambem-passa-aqui-2138424	missing	submission_failed				0	0	yes
802b02160a4180f9aeb82870d7540aec949bcfe2	2025-07-10T19:49:00Z	https://www.publico.pt/2025/07/10/azul/noticia/recolha-embalagens-aumentou-apenas-2-faltam-alteracoes-estruturais-cumprir-metas-europeias-alerta-spv-2139538	missing	submission_failed				0	0	yes
f2a224ea00d2bd044dfe72dbf2eca5c1bc7c9b98	2025-07-13T15:58:45Z	https://www.publico.pt/2025/07/13/sociedade/noticia/amor-supera-mitos-legitimam-violencia-namoro-redes-sociais-nao-ajudam-2139051	missing	submission_failed				0	0	yes
95397bbaaa5f6b4b7f75e13c177f07015f8a46d9	2025-07-16T19:01:59Z	https://www.publico.pt/2025/07/16/culturaipsilon/noticia/tba-perda-ausencia-alberto-cortes-sht-theatre-2140597	missing	submission_failed				0	0	yes
37bfe731c2edb0a76af71aedd6900faa3d79de50	2025-07-16T17:50:15Z	https://www.publico.pt/2025/07/16/impar/noticia/77-anos-menos-50kg-kathy-bates-continua-pesopesado-tv-2140549	missing	submission_failed				0	0	yes
430d42d865223c66b48874be6c4f01960737c5fd	2025-08-08T10:46:09Z	https://www.publico.pt/2025/08/08/p3/fotogaleria/avioes-lancam-ajuda-humanitaria-insuficiente-face-fome-na-faixa-gaza-414072	missing	submission_failed				0	0	yes
fb14e3fc04f00b9d69e0a685bb8b9e7dfc03c631	2025-08-08T13:08:44Z	https://www.publico.pt/2025/08/08/sociedade/noticia/app-sns-24-constrangimentos-estao-resolvidos-perda-dados-2143384	missing	submission_failed				0	0	yes
0856c223e45e62e0be2fd66542fc42dd77fc2011	2025-08-10T13:20:38Z	https://www.publico.pt/2025/08/10/mundo/noticia/demografia-faz-coreia-sul-perder-20-efectivos-militares-seis-anos-2143522	missing	submission_failed				0	0	yes
e0f9e8c6d2983f762446402b99d1b54eb5e1cb18	2025-08-11T06:00:00Z	https://www.publico.pt/2025/08/11/publico-brasil/opiniao/lei-ignora-dor-fim-luto-gestacional-desrespeita-maes-perdas-precoces-2143543	missing	submission_failed				0	0	yes
d3f121039413d6a02b1f169153fa5a61eb9a87ca	2025-08-21T06:46:00Z	https://www.publico.pt/2025/08/21/fugas/reportagem/receita-avo-miguel-peres-juntou-coracao-pasteis-avo-mercedes-2142238	missing	submission_failed				0	0	yes
16d47b952dc235e8b0ccef88914ee7e253156113	2025-08-27T17:06:50Z	https://www.publico.pt/2025/08/27/azul/noticia/tubaroes-podem-estar-perder-dentes-devido-acidificacao-oceano-2145083	missing	submission_failed				0	0	yes
474d6cf418ca4a26d61843274d6d6deb979a5c95	2025-09-05T11:33:00Z	https://www.publico.pt/2025/09/05/fugas/noticia/quack-shack-abre-alvalade-rodrigo-castelo-estreia-hamburgueres-pato-lisboa-2146089	missing	submission_failed				0	0	yes
e97f41626fae0c8afe13bf58de846694074ef292	2025-09-05T08:09:29Z	https://www.publico.pt/2025/09/05/publico-brasil/opiniao/ferida-doi-2146085	missing	submission_failed				0	0	yes
06e8e3f7bd95e64720c8dac852f99f4adae7eef2	2025-09-13T05:59:00Z	https://www.publico.pt/2025/09/13/politica/noticia/perder-nacionalidade-praticado-crime-arriscase-nao-reavela-2146964	missing	submission_failed				0	0	yes
b2fb27b20e01d60be6ffd5143e90982132760eb4	2025-09-16T14:17:43Z	https://www.publico.pt/2025/09/16/azul/noticia/portugues-desperdica-ano-1827-quilos-alimentos-indica-ine-2147397	missing	submission_failed				0	0	yes
e3d2a2f47b31e0109d23cbb12a7194741cd88aa3	2025-09-19T06:00:00Z	https://www.publico.pt/2025/09/19/publico-brasil/opiniao/vamos-parar-jogar-dinheiro-lixo-2147751	missing	submission_failed				0	0	yes
92047546471c8862ad7920865e504102869b8c91	2025-09-23T07:05:00Z	https://www.publico.pt/2025/09/23/azul/opiniao/desperdicio-comeca-casa-solucao-constroise-comunidade-2148087	missing	submission_failed				0	0	yes
91ce5a0d9eb4a0127a7c0e0120f4e360aca7ff89	2025-09-23T19:05:00Z	https://www.publico.pt/2025/09/23/mundo/noticia/fome-acaba-lixo-retrocessos-preocupantes-angola-2148260	missing	submission_failed				0	0	yes
0a0d5e87c76f2e441c58b0d6d3836f0b56d7bf6c	2025-09-25T09:51:10Z	https://www.publico.pt/2025/09/25/azul/noticia/maior-parte-desperdicio-alimentar-portugal-produzido-familias-2148461	missing	submission_failed				0	0	yes
196d66821052775ddfe98661d494542ac6f01dfd	2025-09-28T23:05:42Z	https://www.publico.pt/2025/09/29/azul/noticia/europeu-precisa-14-toneladas-recursos-naturais-anos-2148825	missing	submission_failed				0	0	yes
0fa794a4551dc1061b475438d48518ba90b0c4f9	2025-09-29T16:07:29Z	https://www.publico.pt/2025/09/29/azul/noticia/manifesto-wasteless-jovens-criam-peticao-desperdicio-2148867	missing	submission_failed				0	0	yes
2d275d1eb75becd378fd4e7a86bb5aaa7f6aa272	2025-09-29T16:33:20Z	https://www.publico.pt/2025/09/29/estudiop/noticia/infografia-arrumar-frigorifico-evitar-desperdicio-alimentar-2147490	missing	submission_failed				0	0	yes
12e83737e2003320438a99970310e30efbbe3a50	2025-09-29T09:08:18Z	https://www.publico.pt/2025/09/29/impar/noticia/desperdicio-alimentar-evitar-2148846	missing	submission_failed				0	0	yes
fe57ef376afb121a5655d2eafeb6bdf9e9c2fa53	2025-09-30T08:04:45Z	https://www.publico.pt/2025/09/30/azul/noticia/oceano-ficar-acido-quente-cheio-plastico-prognostico-nao-bom-2148997	missing	submission_failed				0	0	yes
6b4006bccca7d224973fec21d49e8d286fedad47	2025-09-30T07:06:34Z	https://www.publico.pt/2025/09/30/newsletter/despertador	missing	submission_failed				0	0	yes
f495e2c50f1a72f8aca8d2f7e50e4a229fbec69a	2025-10-01T09:54:04Z	https://www.publico.pt/2025/10/01/sociedade/noticia/estrategia-nacional-propoe-incentivos-fiscais-empresas-doacao-excedentes-alimentares-2149106	missing	submission_failed				0	0	yes
90fe04fb8f2c26901fe95d4cd67c80172239bd71	2025-10-10T12:33:00Z	https://www.publico.pt/2025/10/10/impar/noticia/acontece-corpo-resiste-perda-peso-luta-ingloria-2150222	missing	submission_failed				0	0	yes
5dd0891a693b8a9f3de8c57f624ab9ea268f8970	2025-10-16T15:54:56Z	https://www.publico.pt/2025/10/16/impar/noticia/alimentacao-saudavel-dieta-base-vegetal-propoe-escolhas-inves-restricoes-2151048	missing	submission_failed				0	0	yes
1ea460c99efb0abb5e163a3f63e01d82486c402e	2025-10-17T15:04:18Z	https://www.publico.pt/2025/10/17/politica/noticia/fim-perda-nacionalidade-prazos-curtos-ps-pede-lei-moderada-psd-2151209	missing	submission_failed				0	0	yes
08e407f9efd1e2eff6fe209dbe1b6ec1baf4ed62	2025-10-17T06:00:00Z	https://www.publico.pt/2025/10/17/publico-brasil/opiniao/comer-bem-muda-mundo-2151140	missing	submission_failed				0	0	yes
bdb6f7f1a46132ec47d467a575f9e145115d50bc	2025-10-20T13:06:00Z	https://www.publico.pt/2025/10/20/azul/noticia/25-anos-banco-sementes-milenio-recruta-cate-blanchet-lutar-futuro-2151451	missing	submission_failed				0	0	yes
45e572ff846b742bf476b09005d1424c1abc96bd	2025-10-23T17:22:06Z	https://www.publico.pt/2025/10/23/local/noticia/camara-lisboa-remove-refeicoes-vegetarianas-opcao-pontual-escolas-2151938	missing	submission_failed				0	0	yes
7ff9b81840edf36441e8928cafe5e11cbb73ec02	2025-10-24T12:32:48Z	https://www.publico.pt/2025/10/24/politica/noticia/lei-nacionalidade-passa-especialidade-votacao-final-global-incognita-2151997	missing	submission_failed				0	0	yes
938d3325cba0c1a673613271d332b044dffadf94	2025-10-25T07:05:00Z	https://www.publico.pt/2025/10/25/azul/opiniao/fezse-luz-eficiencia-energetica-tambem-vantagem-competitiva-empresas-2152050	missing	submission_failed				0	0	yes
6a5677286c370c35834ddbf2c5dc23a153bd51e5	2025-10-27T15:52:56Z	https://www.publico.pt/2025/10/27/local/noticia/camara-lisboa-volta-atras-menus-vegetarianos-sao-opcao-escolas-2152307	missing	submission_failed				0	0	yes
5f6bd42e0e5fdaf1903bee56650ed9c1477dd1f6	2025-10-29T08:05:00Z	https://www.publico.pt/2025/10/29/azul/noticia/calor-feznos-perder-639-mil-milhoes-horas-trabalho-mundo-2024-2152473	missing	submission_failed				0	0	yes
abc8485d4334e2b987821b852c5b1136cf775df3	2025-10-29T08:02:00Z	https://www.publico.pt/2025/10/29/terroir/reportagem/papel-silicone-andre-samuel-pinto-solucao-lado-negro-rotulagem-2151284	missing	submission_failed				0	0	yes
269b1273890e736afcad21b050ee65a5d3fcab93	2025-10-31T06:35:00Z	https://www.publico.pt/2025/10/31/azul/noticia/terra-aproximase-caos-climatico-possivel-limitar-aquecimento-2152684	missing	submission_failed				0	0	yes
d8a3db6189d600eed93ecf788fde49c30665f03c	2025-11-12T11:58:03Z	https://www.publico.pt/2025/11/12/enter/noticia/aarav-sharma-15-anos-desenvolve-interfaces-cerebrocomputador-2154293	missing	submission_failed				0	0	yes
85ed878396f48dfe1dae56060ab433d20c1f8a0c	2025-11-13T19:11:49Z	https://www.publico.pt/2025/11/13/politica/noticia/ps-vai-levar-lei-nacionalidade-tribunal-constitucional-2154547	missing	submission_failed				0	0	yes
19ee8c1fc8b29c1b6dbec24196ba5af2dcdeddc3	2025-11-17T15:27:42Z	https://www.publico.pt/2025/11/17/culturaipsilon/noticia/festivais-cinema-associamse-momento-certa-crise-perda-publico-2154931	missing	submission_failed				0	0	yes
a9b07488d6d1b180b43fc363d178af2fa39b539a	2025-11-18T16:38:13Z	https://www.publico.pt/2025/11/18/politica/noticia/marcelo-so-comenta-decretos-nacionalidade-apos-analise-equipa-juridica-2155083	missing	submission_failed				0	0	yes
a027c9d077b33d8d4e529a6eefdcaa4ac6504a79	2025-11-19T19:54:56Z	https://www.publico.pt/2025/11/19/mundo/noticia/plano-paz-eua-ucrania-implica-perda-territorio-armamento-2155284	missing	submission_failed				0	0	yes
c85d204f34630c98c4bd30ff05a1d2361e8db853	2025-11-21T17:45:00Z	https://www.publico.pt/2025/11/21/mundo/noticia/plano-paz-norteamericano-promete-ucrania-escolha-dificil-2155558	missing	submission_failed				0	0	yes
26f238035a9ef3468ab012b68820d2ebd384d537	2025-11-23T07:21:00Z	https://www.publico.pt/2025/11/23/impar/opiniao/pai-natal-ano-quero-caneta-emagrecer-2155540	missing	submission_failed				0	0	yes
9a13bceab7ad1bb0ac29e7546889271443cfc886	2025-11-24T12:02:39Z	https://www.publico.pt/2025/11/24/politica/noticia/frase-falsa-atribuida-ps-redes-sociais-criar-ideia-defende-imigrantes-criminosos-2155741	missing	submission_failed				0	0	yes
613026a69fdeafd1a3ea98c1754a9ec28a990aeb	2025-11-24T10:58:03Z	https://www.publico.pt/2025/11/24/sociedade/noticia/comer-mal-mata-tabaco-chile-aviso-evite-consumir-obrigatorio-2155709	missing	submission_failed				0	0	yes
a88b50f6a1ce021b57a574542a3b9ae04eee6d68	2025-11-26T10:02:14Z	https://www.publico.pt/2025/11/26/azul/noticia/ocde-alerta-politicas-fragmentadas-prejudicam-combate-tripla-crise-planetaria-2155986	missing	submission_failed				0	0	yes
78bbcaee6b2a05bf2e35b1dc5052901d1f041145	2025-11-26T06:30:00Z	https://www.publico.pt/2025/11/26/economia/noticia/caixa-geral-depositos-prestes-deixar-dona-maior-banco-cabo-verde-2155913	missing	submission_failed				0	0	yes
e766178ceeaacdd0533305a72aff2dda6ee493fc	2025-11-26T06:21:11Z	https://www.publico.pt/2025/11/26/politica/noticia/portugal-caminho-exigentes-leis-nacionalidade-ue-2155912	missing	submission_failed				0	0	yes
e8304b4d375b19817148054a6f7bf19fdf62f893	2025-11-29T08:44:51Z	https://www.publico.pt/2025/11/29/sociedade/noticia/banco-alimentar-comeca-nova-campanha-recolha-alimentos-2156490	missing	submission_failed				0	0	yes
b1ff2edca585177d43c3635303d554271e6e6df6	2025-12-02T19:05:07Z	https://www.publico.pt/2025/12/02/ciencia/noticia/oms-recomenda-uso-medicamentos-diabetes-tratar-obesidade-2156755	missing	submission_failed				0	0	yes
a4b9fc413befd8066969de19879e9cf378391b95	2025-12-02T12:43:53Z	https://www.publico.pt/2025/12/02/p3/noticia/temendo-perdas-emprego-devido-ia-jovens-britanicos-viramse-profissoes-tecnicas-2156719	missing	submission_failed				0	0	yes
dba1b8e502c54c6ff21d24c306a33b9899f9c7bc	2025-12-08T16:56:00Z	https://www.publico.pt/2025/12/08/impar/noticia/pele-estica-ja-nao-encolhe-2154369	missing	submission_failed				0	0	yes
8d5bc616d6afe50dd2ce5be1d7f1ef166df8e260	2025-12-09T09:01:00Z	https://www.publico.pt/2025/12/09/azul/noticia/levar-planeta-revisao-custa-apenas-7-bilioes-euros-ano-implica-mexer-sistema-2157166	missing	submission_failed				0	0	yes
cba5548921b7ae7f32cde953307cba26963a22e3	2025-12-15T22:06:52Z	https://www.publico.pt/2025/12/15/politica/noticia/juizes-palacio-ratton-temse-dividido-temas-fracturantes-diferente-2158214	missing	submission_failed				0	0	yes
ec500c5d07b201a592866872db54b0ac5bd75c8b	2025-12-15T16:58:46Z	https://www.publico.pt/2025/12/15/politica/noticia/tribunal-constitucional-chumba-dois-diplomas-governo-nacionalidade-2158138	missing	submission_failed				0	0	yes
8d8626ebae7a52eb952ee6eb2f2447499aa366c9	2025-12-19T06:18:00Z	https://www.publico.pt/2025/12/19/economia/noticia/linha-alentejo-perde-60-milhoes-fundos-comunitarios-falta-maturidade-modernizacao-2158562	missing	submission_failed				0	0	yes
c1ecb6ae7d8b9d12db6cb16110ea279af107fd5e	2025-12-19T23:10:00Z	https://www.publico.pt/2025/12/19/politica/noticia/ataque-mendes-debate-cotrimventura-acusacao-acusacao-2158798	missing	submission_failed				0	0	yes
7a96e7c410e7e9c6a3a9804e383f6b4ca121e3b2	2025-12-19T12:14:39Z	https://www.publico.pt/2025/12/19/sociedade/noticia/4400-doadores-contribuiram-ultima-campanha-online-banco-alimentar-2158679	missing	submission_failed				0	0	yes
c879b938c118963122fd18e68afe06c9ab6082bc	2025-12-22T16:17:09Z	https://www.publico.pt/2025/12/22/fugas/noticia/lisboa-comida-sobrar-natal-vai-dar-bar-ira-precisa-2158998	missing	submission_failed				0	0	yes
a6fce23040667c1982ac7b6ecd86d03b753fa61d	2025-12-23T12:41:05Z	https://www.publico.pt/2025/12/23/ciencia/noticia/novo-nordisk-obtem-aprovacao-eua-comprimido-oral-perda-peso-2159076	missing	submission_failed				0	0	yes
df3131f7ac521338ff739f2b7e00bd74ebd23e17	2025-12-23T13:23:54Z	https://www.publico.pt/2025/12/23/p3/fotogaleria/ano-visto-ceu-drones-2025-414790	missing	submission_failed				0	0	yes
bb9c75f4ad036c992c58692ded8e71d3e3e877eb	2025-12-28T13:57:01Z	https://www.publico.pt/2025/12/28/mundo/noticia/angola-aceita-receber-emigrantes-expulsos-reino-unido-2159477	missing	submission_failed				0	0	yes
b5b33a2bf6cf20b510ac02e0b8ac1a6cfd20f324	2025-12-30T15:48:01Z	https://www.publico.pt/2025/12/30/ciencia/noticia/novos-comprimidos-perder-peso-vao-acelerar-mudancas-industria-alimentar-2159666	missing	submission_failed				0	0	yes
a6d187b7b317366a9deef144d467cbe2aea84ea1	2026-01-02T17:52:34Z	https://www.publico.pt/2026/01/02/politica/noticia/pcp-pede-choque-salarial-2026-responder-subida-custo-vida-2159927	missing	submission_failed				0	0	yes
92153facc4a1ee0f9ca5b0f058485279594c86bb	2026-01-09T06:30:00Z	https://www.publico.pt/2026/01/09/culturaipsilon/entrevista/gueorgui-gospodinov-nao-vendam-vossas-nostalgias-2160266	missing	submission_failed				0	0	yes
f95e9dc4f170184da23f6fb4365f9f2d9305c74d	2026-01-11T17:28:33Z	https://www.publico.pt/2026/01/11/azul/noticia/conheca-chefs-estao-menus-gourmet-desperdicios-comida-2160635	missing	submission_failed				0	0	yes
e553799761724795054c5e8516a07fc25db54336	2026-01-13T10:43:20Z	https://www.publico.pt/2026/01/13/economia/noticia/alteracao-certificados-aforro-series-b-d-marcacao-ctt-2160625	missing	submission_failed				0	0	yes
b9a617c8ed8c044bdbfd7ea61d277f322b0aa153	2026-01-13T20:01:00Z	https://www.publico.pt/2026/01/13/fugas/noticia/porto-covo-tornase-destino-turistico-sustentavel-alentejo-seguese-mertola-2161095	missing	submission_failed				0	0	yes
7b4e1f79db0c5a5f8d26327100cd7b2e257a4d8a	2026-01-13T13:25:43Z	https://www.publico.pt/2026/01/13/sociedade/noticia/portugal-paga-844-milhoes-nao-receber-refugiados-estadosmembros-2161019	missing	submission_failed				0	0	yes
dc28479c69ad92f226eecc8297fcf43d65c89e3c	2026-01-13T20:40:00Z	https://www.publico.pt/2026/01/13/terroir/opiniao/sociologia-vinho-imigracao-pais-cuida-cuida-vinha-2161077	missing	submission_failed				0	0	yes
c9fe143f0c40a42e32ffb7f03051912678e783b3	2026-01-14T11:00:18Z	https://www.publico.pt/2026/01/14/azul/noticia/portugal-finalmente-novo-plano-accao-economia-circular-2161024	missing	submission_failed				0	0	yes
4c0d88a1a59005cd823625dc81847471a6aef77a	2026-01-14T21:44:08Z	https://www.publico.pt/2026/01/14/newsletter/relaxar	missing	submission_failed				0	0	yes
a847a9540de50a04be006b259aed82a8cfc0af7e	2026-01-14T11:56:09Z	https://www.publico.pt/2026/01/14/sociedade/entrevista/combate-pobreza-responsabilidade-directa-primeiroministro-2161134	missing	submission_failed				0	0	yes
4720ef4c3eb2e895e1d5f79252e537c7c6017d9f	2026-01-15T19:39:43Z	https://www.publico.pt/2026/01/15/enter/noticia/bateria-sustentavel-portuguesa-conquista-patente-europeia-2161366	missing	submission_failed				0	0	yes
04f5d8752329ee760aac194c1307d5621c13c59d	2026-01-15T12:29:02Z	https://www.publico.pt/2026/01/15/estudiop/noticia/trazer-natureza-dentro-cidades-2158388	missing	submission_failed				0	0	yes
850e4e36a1bc982ab013a5ff664ad64d331b84f8	2026-01-15T18:41:00Z	https://www.publico.pt/2026/01/15/fugas/noticia/sexta-dia-entrar-polemicas-treinar-dragoes-2161299	missing	submission_failed				0	0	yes
e0c41cd1807973467d856a84dac4f50e372180d4	2026-01-15T12:50:10Z	https://www.publico.pt/2026/01/15/opiniao/opiniao/golpes-estado-fracasso-governacao-africa-2161270	missing	submission_failed				0	0	yes
dc3d9b3fc071b3bf413e77a14c3d1307e9a96fef	2026-01-15T21:28:20Z	https://www.publico.pt/2026/01/15/politica/noticia/jorge-pinto-nao-desistiu-entende-votar-util-seguro-2161336	missing	submission_failed				0	0	yes
b2afeee3fe81f905262f9bf6093c23b1cf03f545	2026-01-16T18:40:00Z	https://www.publico.pt/2026/01/16/fugas/noticia/neste-fimdesemana-abrir-janelas-pedrada-reflectir-titus-2161449	missing	submission_failed				0	0	yes
		https://www.publico.pt/desperdicio-alimentar	missing	submission_failed				0	0	yes
